05-10,848

05-11,848
05-12,860
05-13,900
05-14,932
05-15,936
05-16,929
05-17,954
05-18,967
05-19,984
05-20,986
05-21,1006
05-22,1026
05-23,1019
05-24,1028
05-25,1058
05-26,1088
05-27,1140
05-28,1186
05-29,1202
05-30,1292
05-31,1275
06-01,1279
06-02,1266
06-03,1282
06-04,1293
06-05,1306
06-06,1302
06-07,1328
06-08,1349
06-09,1351
06-10,1352
06-11,1371
06-12,1560
06-13,1550
06-14,1704
06-15,1849
06-16,1873
06-17,1880
06-18,1858
06-19,1960
06-20,1933
06-21,1968
06-22,1972
06-23,1965
06-24,1950
06-25,1932
06-26,2116
06-27,2103
06-28,2143
06-29,2151
06-30,2266
07-01,2440
07-02,2459
07-03,2428
07-04,2731
07-05,2947
07-06,2901
07-07,2940
07-08,2986
07-09,2972
07-10,2925
07-11,2911
07-12,3057
07-13,3321
07-14,3277
07-15,3376
07-16,3420
07-17,3407
07-18,3356
07-19,3387
07-20,3483
